ID,Tier,Variant,Utterance,Tests,Expected_Components,Expected_Utilities,Expected_Icons,Key_Validation_Points,Success_Criteria,Accessibility_Requirements,Common_Failure_Modes,Complexity
C01,Tier 1,Simple,Create a primary button with a save icon,"Button, icon",lightning-button,,utility:save,"Button brand color, icon visible","Button renders with brand styling, icon present",Keyboard accessible,"Icon missing, wrong variant",Simple
C01,Tier 1,Moderate,"Create a primary action button with a ""save"" icon on the left and text ""Save Changes""","Button, icon positioning, accessibility",lightning-button OR slds-button + slds-button_brand,,utility:save,"Icon left side, button 48px height, brand blue","Button uses brand class, icon left-positioned, accessible label","Button has text or aria-label, Enter/Space activatable","Icon wrong side, missing label, wrong variant",Simple
C01,Tier 1,Detailed,"Create a primary action button with save icon positioned on the left with proper spacing from the text ""Save Changes"". Use SLDS brand button styling with appropriate sizing from the design system. Ensure proper hover and focus states using SLDS styling hooks for interactive elements. The icon should use the standard icon size for buttons and maintain proper spacing using SLDS spacing utilities",Complete button specification,lightning-button OR custom,,utility:save,"Icon standard size from SLDS, gap standard size from SLDS, height standard size from SLDS, padding standard size from SLDS, brand-base-2 bg, hover brand-base-3, focus standard size from SLDS ring standard size from SLDS offset","Height standard size from SLDS, padding standard size from SLDS, icon standard size from SLDS with standard size from SLDS gap, uses not hex, hover/focus states","Enter/Space activatable, focus visible 3:1 contrast, announces ""Save Changes button""","Icon not 16px, gap wrong, height wrong, hardcoded colors, no states",Simple
C02,Tier 1,Simple,"Create form: name, email, message. Show errors for empty fields","Form, validation, errors",lightning-input (3),slds-has-error,,Errors appear when empty,"Form has 3 fields, errors show when empty",Fields have labels,"No errors, missing labels",Simple
C02,Tier 1,Moderate,"Create contact form: name (text), email (format validation), message (textarea min 10 chars). Show errors below fields in red with 16px error icon","Form types, email validation, error styling","lightning-input (name, email), lightning-textarea","slds-form_stacked, slds-has-error, slds-form-element__help",utility:error,"Errors below fields, red text, 16px icon","Email validates format, message min 10 chars, errors use slds-has-error, error","Each field labeled, aria-invalid on invalid, aria-describedby to error","Email validation wrong, errors not below, aria missing",Simple
C02,Tier 1,Detailed,"Create a comprehensive contact form with name field (required, maximum 100 characters, letters and spaces only), email field (required with proper email validation), and message field (required, minimum 10 characters, maximum 500 characters, with visible rows and character counter showing current and max). Use stacked form layout with proper spacing from SLDS spacing scale between fields. Display validation errors on blur or form submit below each field using SLDS error styling with error icon from utility icons. Add a submit button using brand styling at full width with appropriate button sizing from the design system",Complete form specification,"lightning-input (with maxlength/pattern), lightning-textarea (with maxlength), counter, button","slds-form_stacked, slds-has-error, slds-m-bottom_medium, slds-button_brand",utility:error,"Fields standard size from SLDS spacing, name pattern letters/spaces, email RFC 5322, message 4 rows with ""450/500"" counter, errors on blur/submit, red , standard size from SLDS icon standard size from SLDS gap, Submit 100% width standard size from SLDS","Name maxlength=100 pattern=""[A-Za-z\s]+"", email RFC 5322 pattern, textarea minlength=10 maxlength=500 rows=4, counter updates, spacing standard size from SLDS, validation on blur/submit, error color or hook, icon standard size from SLDS gap standard size from SLDS, button 100% × standard size from SLDS","Labels with for attribute, aria-required on required, aria-invalid dynamic, aria-describedby to error IDs, counter aria-live=""polite""","Pattern allows numbers, email regex wrong, counter not updating, validation on change, spacing wrong, hardcoded color, Submit not full width",Simple
C03,Tier 1,Simple,"Create sortable table: Product Name, Price, Category, Stock Status","Table, sorting",lightning-datatable,slds-table,"utility:arrowup, utility:arrowdown","Table 4 columns, sortable","Table shows 4 columns, clicking headers sorts",Table has proper roles,"Columns missing, sorting broken",Simple
C03,Tier 1,Moderate,"Create sortable table: Product Name (text, sortable, left), Price (currency $X.XX, sortable, right), Category (text, center), Stock Status (badge: In Stock=green, Low Stock=orange, Out of Stock=red). 5 sample products","Table formatting, badges, alignment",lightning-datatable with column config,"slds-table, slds-badge","utility:arrowup, utility:arrowdown","Name left, Price right as currency, Status colored badges, sort arrows on Name/Price","Datatable 4 columns, Name/Price sortable, Price type: currency, Status custom cell renderer, 5 products, alignments correct","Table role=""table"", sortable headers aria-sort, keyboard arrows navigate","Price not currency, badges wrong colors, only 1 sortable, aria-sort missing",Simple
C03,Tier 1,Detailed,"Create a fully responsive sortable data table with Product Name column (left-aligned, sortable, using appropriate column width from SLDS sizing), Price column (right-aligned, currency format, sortable, appropriate width), Category column (center-aligned with neutral badge, appropriate width), and Stock Status column (center-aligned with semantic badges - In Stock uses success colors, Low Stock uses warning colors, Out of Stock uses error colors, appropriate width). Include 10 sample products. Use SLDS table styling with proper border utilities and fixed layout classes. Header rows and data rows should use standard SLDS table sizing. On mobile viewports, use SLDS responsive table stacking to show as cards with field labels",Complete table specification,lightning-datatable OR custom responsive table,"slds-table, slds-table_bordered, slds-table_fixed-layout, slds-table_stacked, slds-badge","utility:arrowup, utility:arrowdown","Widths 30-15-25-30%, alignments correct, Price $X.XX, Status exact colors //, header standard size from SLDS rows standard size from SLDS borders standard size from SLDS , mobile stacks with labels","Columns 30-15-25-30%, Name/Price sortable aria-sort, Price currency format, Status badges hex colors, 10 products, header standard size from SLDS rows standard size from SLDS, borders standard size from SLDS , slds-table_stacked @media <standard dimensions from SLDS with labels","Table role=""table"", th role=""columnheader"", td role=""cell"", aria-sort on sortable, keyboard Enter/Space sort, mobile maintains accessibility","Widths wrong, alignment off, Price no $, badges hardcoded/wrong colors, heights wrong, mobile not stacking, aria-sort missing",Simple
C04,Tier 1,Simple,Create delete confirmation modal with Cancel and Delete buttons,"Modal, buttons","Modal container, 2 buttons",slds-modal,,Modal shows with buttons,Modal displays with Cancel and Delete buttons,"Modal focusable, closable","Buttons missing, not closing",Simple
C04,Tier 1,Moderate,"Delete confirmation modal 480px width: warning icon 48px, message ""Are you sure?"", Cancel button (neutral, left), Delete button (destructive red, right)","Modal sizing, icons, button variants","Modal OR lightning-modal, 2 buttons","slds-modal, slds-modal_medium, slds-button_neutral, slds-button_destructive",utility:warning,"480px wide, warning icon 48px, Cancel left Delete right, Delete red","Width 480px, header icon 48px, buttons: Cancel neutral left Delete destructive right","aria-labelledby, focus trap, ESC closes, focus returns","Width wrong, icon size wrong, Delete not red, ARIA missing",Simple
C04,Tier 1,Detailed,"Create a confirmation modal for deletion using SLDS medium modal sizing with proper backdrop. Header should include warning icon from utility icons using appropriate warning colors, with title ""Confirm Delete"" using SLDS heading typography. Body contains message ""Are you sure you want to delete this item? This action cannot be undone"" using standard SLDS text size and line-height. Footer has Cancel button (neutral variant, standard sizing) and Delete button (destructive variant, standard sizing) with proper button spacing from SLDS. Implement full focus trap: on open focus moves to Delete button, Tab cycles through close button, Cancel, and Delete with proper keyboard handling, ESC key closes modal, clicking backdrop closes modal, on close focus returns to trigger element",Complete modal with focus management,"Modal with focus trap, backdrop handler","slds-modal, slds-modal_medium, slds-modal__container, slds-backdrop","utility:warning, utility:close","Width standard dimensions from SLDS centered, icon standard size from SLDS , title SLDS text size bold, body SLDS text size lh 1.5, Cancel standard size from SLDS left Delete standard dimensions from SLDS right, backdrop rgba(0,0,0,0.6), focus trap Tab/Shift+Tab, ESC/backdrop close, focus returns","Width standard dimensions from SLDS centered, icon standard size from SLDS , title SLDS text size weight 700, body SLDS text size lh 1.5, Cancel standard size from SLDS Delete standard dimensions from SLDS , backdrop rgba(0,0,0,0.6), focus trap: open→Delete, Tab cycles within modal, Shift+Tab reverses, ESC/backdrop handlers, returns focus to opener","role=""dialog"", aria-labelledby, aria-modal=""true"", focus trap prevents Tab escape, all interactive keyboard accessible, ESC announced","Width not 480px, icon wrong, text sizes wrong, button widths wrong, backdrop wrong opacity, Tab escapes, ESC broken, focus not returning, aria-modal missing",Simple
C05,Tier 1,Simple,"Create card grid: 4 columns desktop, 2 tablet, 1 mobile","Responsive grid, cards",Grid with cards,"slds-grid, slds-wrap",,Grid responds to screen size,Grid shows 4-2-1 based on screen width,Grid maintains structure,"Not responsive, wrong columns",Simple
C05,Tier 1,Moderate,"Responsive product card grid with 6 cards: 4 columns desktop (>1024px), 2 tablet (768-1024px), 1 mobile (<768px). 16px gutters","Responsive breakpoints, spacing",6 lightning-card OR custom cards,"slds-grid, slds-wrap, slds-size_1-of-4, slds-medium-size_1-of-2, slds-small-size_1-of-1, slds-gutters",,"4 desktop, 2 tablet, 1 mobile, 16px gaps","6 cards in grid, responsive classes 4-2-1, slds-gutters 16px spacing","Grid accessible, cards keyboard navigable","Wrong column counts, breakpoints broken, gutters missing",Simple
C05,Tier 1,Detailed,"Create a responsive product card grid using SLDS grid system with sizing utilities for desktop (4 columns using quarter-width sizing), tablet (2 columns using half-width sizing), and mobile (1 column using full-width sizing). Apply column padding for consistent gutters between cards. Display 6 product cards each containing image, title, and price. Cards should use standard SLDS card styling with border-radius from design system utilities, shadow from elevation tokens, and hover effects using SLDS interaction styling with appropriate motion timing",Complete responsive grid with interactions,6 cards with hover states,"slds-grid, slds-wrap, slds-size_1-of-4, slds-medium-size_1-of-2, slds-small-size_1-of-1, slds-col_padded",,"Breakpoints ≥standard dimensions from SLDS (4 cols), 768-standard dimensions from SLDS (2 cols), <standard dimensions from SLDS (1 col), gaps standard size from SLDS, cards standard dimensions from SLDS, radius standard size from SLDS, hover scale 1.02 200ms, shadow 2→4","slds-size_1-of-4 (25%), slds-medium-size_1-of-2 (50%), slds-small-size_1-of-1 (100%), slds-col_padded SLDS text size padding (SLDS text size gap), 6 cards height standard dimensions from SLDS, border-radius standard size from SLDS, hover: transform scale(1.02) transition 200ms, box-shadow elevation 2→4","Grid accessible, cards keyboard navigable, hover effects have focus equivalent","Breakpoints wrong, percentages off, gaps not 16px, height not 280px, scale wrong, transition timing off, hover only (no focus)",Simple
C06,Tier 2,Simple,Create page header with title and action buttons,"Page header, buttons","Header div, buttons",slds-page-header,,Header with title and buttons,Header displays with title and action buttons,Header accessible,"Buttons missing, structure wrong",Intermediate
C06,Tier 2,Moderate,"Page header ""John Smith"" with Account icon, followed by Edit, Delete, Clone buttons in button group","Page header, button groups, icons","Page header OR lightning-page-header, button-group, 3 buttons","slds-page-header, slds-page-header__title, slds-button-group","standard:account, utility:edit, utility:delete, utility:copy","Account icon, button group with 3 buttons","Header structure correct, Account icon, button group with Edit/Delete/Clone","Header semantic, buttons accessible, icons labeled","Icon missing, buttons not grouped, wrong icons",Intermediate
C06,Tier 2,Detailed,"Create a page header with Account icon at standard size positioned left, title ""John Smith"" using SLDS heading size and weight, subtitle ""Account • Customer"" using smaller text with neutral colors from the design system. Position a button group on the right containing Edit button (neutral variant), Delete button (destructive variant), and Clone button (neutral variant). Header should use appropriate height from design system with bottom border using SLDS border utilities",Complete page header,"Page header with icon, title, subtitle, button group","slds-page-header, slds-page-header__title, slds-button-group, slds-button_neutral, slds-button_destructive","standard:account, utility:edit, utility:delete, utility:copy","Icon standard size from SLDS, title SLDS text size bold, subtitle SLDS text size gray, button group right, header standard size from SLDS, border standard size from SLDS","Icon standard size from SLDS, title font-size SLDS text size weight 700, subtitle SLDS text size color , button group float right, Edit neutral Delete destructive Clone neutral, header height standard size from SLDS, border-bottom standard size from SLDS","Header semantic structure, icon alt text, buttons keyboard accessible, button group announced","Icon not 48px, text sizes wrong, subtitle color hardcoded, buttons not grouped or wrong variants, height not 72px, border missing",Intermediate
C07,Tier 2,Simple,"Create 4 alerts: Success, Error, Warning, Info with icons","Notifications, themes, icons",4 notification divs,"slds-notify, slds-theme_*","utility:success, utility:error, utility:warning, utility:info",4 alerts with colors and icons,4 alerts render with correct theme colors and icons,Alerts announced,"Colors wrong, icons missing",Intermediate
C07,Tier 2,Moderate,"Create 4 alerts: Success (green), Error (red), Warning (orange), Info (blue). Each has icon, message, close button","Notification variants, close buttons",4 notifications with close,"slds-notify_alert, slds-theme_success/error/warning/info","utility:success, utility:error, utility:warning, utility:info, utility:close","All 4 types with correct colors, icons, close buttons","4 notifications with theme classes, icons match type, close buttons","role=""alert"" for important, close buttons accessible","Theme classes missing, icons wrong type, close missing",Intermediate
C07,Tier 2,Detailed,"Create 4 notification alerts with proper SLDS styling and full width. Success alert uses success background and foreground colors. Error alert uses error background and foreground colors. Warning alert uses warning background and foreground colors. Info alert uses brand background and foreground colors. Each alert should include an icon at standard size with proper spacing, message text using standard text sizing, and close button at appropriate size positioned right. Use SLDS border-radius utilities",Complete alert specification,4 notification components,"slds-notify_alert, slds-theme_*","utility:success, utility:error, utility:warning, utility:info, utility:close","Height standard size from SLDS, width 100%, Success , Error , Warning , Info , icon standard size from SLDS margin standard size from SLDS, text SLDS text size white, close standard size from SLDS, radius standard size from SLDS","Height standard size from SLDS, width 100%, backgrounds exact hex or hooks, icon standard size from SLDS margin-left standard size from SLDS, text font-size SLDS text size color white, close button standard size from SLDS right-aligned, border-radius standard size from SLDS","role=""alert"" for important messages, icons have aria-labels, close buttons keyboard accessible with Enter/Space","Heights wrong, not full width, colors hardcoded/wrong hex, icon size/margin wrong, text size wrong, close not 32px, radius missing",Intermediate
C08,Tier 2,Simple,"Create FAQ accordion with 3 sections, first expanded","Accordion, expansion states",Accordion with 3 sections,slds-accordion,utility:chevrondown,"3 sections, first expanded","Accordion shows 3 sections, first has slds-is-open",Keyboard navigable,"First not expanded, not keyboard accessible",Intermediate
C08,Tier 2,Moderate,FAQ accordion with 3 sections. Each has question header and answer body. Section 1 expanded by default. Chevron icons rotate on expand,"Accordion with icons, default state",lightning-accordion OR blueprint,"slds-accordion, slds-is-open","utility:chevrondown, utility:chevronright","Section 1 slds-is-open, chevrons rotate","3 sections, first has slds-is-open class, aria-expanded, chevron icons rotate","aria-expanded on sections, Enter/Space toggle, arrows navigate","First not expanded, aria-expanded missing, chevrons not rotating",Intermediate
C08,Tier 2,Detailed,"Create an FAQ accordion with 3 sections. Section headers should use standard SLDS height and heading text size with chevron icon at standard size that rotates on expand using appropriate motion timing. Section bodies use standard text size with content padding from SLDS spacing scale, with expand and collapse animation using appropriate motion timing. Section 1 should use the active/open state class by default. Apply borders between sections using SLDS border utilities with neutral colors",Complete accordion specification,Accordion with animations,"slds-accordion, slds-accordion__section, slds-is-open",utility:chevrondown,"Headers standard size from SLDS SLDS text size, chevron standard size from SLDS rotates 90° 200ms, bodies SLDS text size standard size from SLDS padding expand 300ms, section 1 open, borders standard size from SLDS","Header height standard size from SLDS font-size SLDS text size, chevron standard size from SLDS right side rotate 90deg transition 200ms, body font-size SLDS text size padding standard size from SLDS, height transition 300ms ease, section 1 has slds-is-open, borders standard size from SLDS between","aria-expanded=""true/false"" on headers, Enter/Space toggle, arrow keys navigate sections, expansion announced","Header height not 56px, font wrong, chevron not 16px or rotation wrong/no transition, body padding wrong, transition timing off, section 1 not open, aria-expanded missing",Intermediate
C09,Tier 2,Simple,"Create form with text, email, phone, dropdown, checkboxes, textarea","Multiple input types, form layout",Various input components,slds-form_stacked,,Form shows all input types,Form has 6 different input types rendering,All inputs have labels,"Inputs missing, labels missing",Intermediate
C09,Tier 2,Moderate,"User profile form: name (text), email, phone, country (dropdown), interests (checkbox group), bio (textarea). 2-column layout","Form with multiple types, 2-column layout","lightning-input (3), lightning-combobox, lightning-checkbox-group, lightning-textarea","slds-grid, slds-size_1-of-2, slds-form_stacked",,6 input types in 2 columns,"Form has all 6 input types, 2-column layout with slds-size_1-of-2","All inputs labeled, keyboard navigable, validation states clear","Wrong input types, not 2 columns, labels missing",Intermediate
C09,Tier 2,Detailed,"Create a comprehensive user profile form using two-column grid layout with proper spacing from SLDS spacing scale between fields. Column 1: name input (maximum 100 characters), email input (with validation), phone input (tel type with pattern). Column 2: country dropdown (with 150 options), interests checkbox group (5 options allowing multiple selections), bio textarea (4 rows, maximum 500 characters with character counter). Labels should use appropriate label text sizing and weight. Inputs should use standard height from design system",Complete form with specifications,Multiple lightning components,"slds-grid, slds-size_1-of-2, slds-form_stacked, slds-m-bottom_medium",,"2 cols 50:50 spacing standard size from SLDS, name max 100, email/tel validation, country 150 options, interests 5 checkboxes, bio 4 rows max 500 counter, labels SLDS text size bold, inputs standard size from SLDS","Grid slds-size_1-of-2 (50:50), spacing standard size from SLDS (slds-m-bottom_medium), name maxlength=100, email type=""email"", phone pattern tel, country combobox 150 options, interests checkbox-group 5 options multi-select, bio rows=4 maxlength=500 with counter, labels font-size SLDS text size weight 700, inputs height standard size from SLDS","Labels with for attribute, aria-required on required, proper input types for mobile keyboards, checkbox group aria-labelledby, textarea counter aria-live","Columns not 50:50, spacing wrong, maxlengths missing, email not type email, phone no pattern, country wrong count, interests not multi, bio no counter, label styling wrong, input heights not 48px",Intermediate
C10,Tier 2,Simple,"Create contact card with avatar, name, title, email, phone, action buttons","Card structure, avatar, buttons",Card with avatar and buttons,slds-card,,Card shows avatar and contact info,"Card displays with avatar, info, buttons",Card accessible,"Avatar missing, structure wrong",Intermediate
C10,Tier 2,Moderate,"Contact card: circular avatar 80px, name, title, email, phone, ""View Profile"" (brand) and ""Send Message"" (neutral) buttons","Card with sized avatar, button variants","lightning-card OR slds-card, avatar, 2 buttons","slds-card, slds-card__body, slds-card__footer, slds-avatar, slds-button_brand, slds-button_neutral",,"Avatar 80px circle, 2 buttons correct variants","Card with avatar 80px circular, contact info in body, buttons in footer: View Profile brand, Send Message neutral","Card semantic, avatar alt text, buttons keyboard accessible","Avatar not 80px or not circular, buttons wrong variants, not in footer",Intermediate
C10,Tier 2,Detailed,"Create a contact card with proper structure. Header contains circular avatar using SLDS avatar classes with appropriate sizing. Body section includes name using SLDS heading size and weight, title using standard text size with neutral colors, email as clickable mailto link using link colors, and phone as clickable tel link using link colors. Footer contains two buttons: View Profile (brand variant with appropriate sizing) and Send Message (neutral variant with appropriate sizing) with proper spacing between buttons. Card should use standard width from design system, border from SLDS utilities, border-radius from design system, and shadow from elevation tokens",Complete card specification,Card with all styling,"slds-card, slds-card__header, slds-card__body, slds-card__footer, slds-avatar, slds-avatar_circle, slds-button_brand, slds-button_neutral",,"Width standard dimensions from SLDS, avatar standard size from SLDS circle, name SLDS text size bold, title SLDS text size , email/phone SLDS text size blue clickable, buttons standard dimensions from SLDS/standard dimensions from SLDS gap standard size from SLDS, border standard size from SLDS , radius standard size from SLDS, shadow 2","Card width standard dimensions from SLDS, avatar standard size from SLDS border-radius 50%, name font-size SLDS text size weight 700, title SLDS text size color , email <a href=""mailto:""> SLDS text size blue, phone <a href=""tel:""> SLDS text size blue, footer buttons: View standard dimensions from SLDS brand Send standard dimensions from SLDS neutral margin standard size from SLDS between, card border standard size from SLDS , border-radius standard size from SLDS, box-shadow elevation 2","Card structure semantic, avatar alt text with name, email/phone links keyboard accessible and announce as such, buttons keyboard accessible","Width not 320px, avatar not 80px or not circular, text sizes wrong, title color hardcoded, email/phone not links or wrong size, button widths wrong or gap not 8px, border/radius wrong, shadow missing",Intermediate
C11,Tier 2,Simple,"Create vertical nav menu with 5 items, Dashboard active","Navigation, active states",Nav list with 5 items,slds-nav-vertical,,"Nav shows 5 items, Dashboard active","Vertical nav with 5 items, Dashboard has slds-is-active",Nav keyboard navigable,"Dashboard not active, structure wrong",Intermediate
C11,Tier 2,Moderate,"Vertical nav: Dashboard (active), Accounts, Reports, Settings, Help. Each has icon. Dashboard shows active state","Navigation with icons, active state",Nav list OR lightning-vertical-navigation,"slds-nav-vertical, slds-is-active","utility:dashboard, standard:account, utility:chart, utility:settings, utility:help","5 items with icons, Dashboard active","Vertical nav 5 items each with icon, Dashboard has slds-is-active class","Keyboard navigable, active announced, icons labeled","Icons missing, Dashboard not active, not keyboard accessible",Intermediate
C11,Tier 2,Detailed,"Create a vertical navigation menu using standard SLDS navigation width. Each navigation item (Dashboard, Accounts, Reports, Settings, Help) should use standard item height with icons at appropriate size and proper spacing from text using SLDS spacing utilities. Dashboard should show active state with active background color, active text color, and left border accent. Other items use neutral text colors with hover background state. Navigation should have right border using SLDS border utilities",Complete navigation specification,Custom vertical navigation,"slds-nav-vertical, slds-is-active","utility:dashboard, standard:account, utility:chart, utility:settings, utility:help","Width standard dimensions from SLDS, items standard size from SLDS, icons standard size from SLDS gap standard size from SLDS text SLDS text size, active: bg text border-left standard size from SLDS , others: text hover bg , nav border-right standard size from SLDS","Nav width standard dimensions from SLDS, items height standard size from SLDS, icons standard size from SLDS margin-right standard size from SLDS, text font-size SLDS text size, active: background color border-left standard size from SLDS solid , inactive: color hover background , nav border-right standard size from SLDS","Nav role=""navigation"", items keyboard navigable with Tab, active has aria-current=""page"", icons have aria-labels","Width not 240px, item heights not 48px, icons not 20px or gap wrong, text size wrong, active colors hardcoded/wrong, hover not working, border missing, aria-current missing",Intermediate
C12,Tier 2,Simple,Create search bar with autocomplete dropdown,"Search, dropdown",Search input with dropdown,slds-combobox,utility:search,Search shows dropdown with suggestions,Search input displays autocomplete suggestions,Keyboard searchable,"Dropdown not appearing, not searchable",Intermediate
C12,Tier 2,Moderate,"Search bar with autocomplete: search icon inside input, dropdown below with suggestions, clear button when text entered","Search with icon, conditional clear",lightning-combobox OR custom,"slds-combobox, slds-input-has-icon_left","utility:search, utility:clear","Icon inside input, dropdown suggests, clear button conditional","Search input with icon left, dropdown appears on input, clear button shows when text present","aria-autocomplete, aria-expanded, keyboard arrows select, clear accessible","Icon not inside, dropdown not appearing, clear always showing or missing",Intermediate
C12,Tier 2,Detailed,"Create a search bar with autocomplete using standard SLDS input dimensions. Search icon at appropriate size should be positioned inside left with proper margin. Include placeholder text ""Search..."". Typing (minimum 2 characters) displays dropdown at input width with maximum height from design system allowing scroll. Each suggestion item uses standard list item height with hover and selected background states from SLDS. Clear button at appropriate size appears conditionally when text is present. Implement keyboard handling: typing filters list, Enter selects, ESC closes dropdown",Complete search specification,Custom combobox with filtering,"slds-combobox, slds-combobox__form-element, slds-listbox","utility:search, utility:clear","Width standard dimensions from SLDS height standard size from SLDS, icon standard size from SLDS left margin standard size from SLDS, text SLDS text size, clear standard size from SLDS conditional, dropdown standard dimensions from SLDS max-height standard dimensions from SLDS, items standard size from SLDS hover selected , typing filters, Enter selects, ESC closes","Input width standard dimensions from SLDS height standard size from SLDS, icon standard size from SLDS margin-left standard size from SLDS, text font-size SLDS text size, clear standard size from SLDS right shows when input.value not empty, dropdown width standard dimensions from SLDS max-height standard dimensions from SLDS overflow-y auto, items height standard size from SLDS hover background , selected background , filter list on input, Enter key selects, ESC closes dropdown","aria-autocomplete=""list"", aria-expanded on dropdown state, aria-controls to dropdown ID, arrow keys navigate suggestions with aria-activedescendant, Enter selects, ESC closes announced","Width/height wrong, icon not 16px or margin wrong, text size wrong, clear wrong size or always showing, dropdown wrong dimensions, item heights wrong, hover/selected colors hardcoded/wrong, filtering not working, ARIA incomplete",Intermediate
C13,Tier 2,Simple,"Create tabs: Overview, Details, History. Overview active","Tabs, active state",Tabset with 3 tabs,slds-tabs_default,,"3 tabs, Overview active","Tabset shows 3 tabs, Overview has slds-is-active",Tabs keyboard switchable,"Overview not active, not keyboard accessible",Intermediate
C13,Tier 2,Moderate,"Tabset with 3 tabs: Overview (active default), Details, History. Each tab has different content. Clicking switches content",Tabs with content switching,lightning-tabset with 3 lightning-tab,"slds-tabs_default, slds-is-active",,"Overview active, content switches on click","3 tabs, Overview slds-is-active, aria-selected, clicking switches content panels","role=""tablist"", aria-selected, keyboard arrows switch tabs","Overview not active, content not switching, ARIA missing",Intermediate
C13,Tier 2,Detailed,"Create a tabset with 3 tabs using standard SLDS tab sizing. Tab headers use appropriate text size. Active tab (Overview) displays bottom border using brand colors at appropriate width with bold text weight. Inactive tabs show bottom border using neutral border colors with hover background states. Tab content panels use padding from SLDS spacing scale with minimum height from design system and top border from utilities. Implement keyboard navigation: arrow keys switch between tabs, Enter and Space activate selected tab",Complete tab specification,Custom tabset,"slds-tabs_default, slds-tabs__item, slds-is-active, slds-tabs__content",,"Tabs standard dimensions from SLDS × standard size from SLDS SLDS text size text, active: border-bottom standard size from SLDS bold, inactive: border standard size from SLDS hover , panels: padding standard size from SLDS min-height standard dimensions from SLDS border-top standard size from SLDS, arrows/Enter/Space navigation","Tabs width standard dimensions from SLDS height standard size from SLDS font-size SLDS text size, active: border-bottom standard size from SLDS solid font-weight 700, inactive: border-bottom standard size from SLDS hover background , panels: padding standard size from SLDS min-height standard dimensions from SLDS border-top standard size from SLDS , arrow keys switch tabs, Enter/Space activate","role=""tablist"" on container, tabs role=""tab"", panels role=""tabpanel"", aria-selected on active tab, arrow keys navigate, Enter/Space activate, active panel visible others hidden","Tab sizes wrong, border widths wrong, active not bold or wrong border color, hover not working, panel padding/height wrong, keyboard navigation broken, roles missing",Intermediate
C14,Tier 3,Simple,Create 3-step wizard with progress indicator and next/back buttons,"Wizard, progress, navigation","Progress indicator, forms, buttons",slds-progress,"utility:forward, utility:back",Wizard shows 3 steps with progress,"Wizard displays 3 steps, progress indicator, navigation buttons",Wizard keyboard navigable,"Steps not showing, progress missing, navigation broken",Advanced
C14,Tier 3,Moderate,"Registration wizard with 3 steps and progress indicator. Step 1: Account type (radio). Step 2: Personal info (name, email). Step 3: Review. Back/Next buttons. Validate each step","Wizard with validation, different input types","lightning-progress-indicator, lightning-radio-group, lightning-input, buttons","slds-progress, slds-is-active, slds-is-completed",,"Progress shows current step, validation prevents advance, data persists","3 steps conditional render, progress shows current/completed, Step 1 radio, Step 2 inputs, Step 3 review, validation before next, data persists between steps","Progress announced, form validation accessible, Back/Next keyboard accessible","Validation not blocking advance, data not persisting, progress not updating",Advanced
C14,Tier 3,Detailed,"Create a registration wizard with progress indicator showing 3 steps using standard SLDS progress sizing. Current step uses brand colors. Completed steps use success colors with checkmark icon at standard size. Incomplete steps use neutral colors with outline styling. Step 1 displays account type selection with radio buttons at standard height. Step 2 shows personal information form with name input (maximum 100 characters) and email input (with validation). Step 3 displays review of entered data. Back button (neutral variant, standard sizing, disabled on Step 1) and Next button (brand variant, standard sizing, disabled when validation fails). Implement step transitions with appropriate animation timing from SLDS motion tokens",Complete wizard specification,Multi-step form with all states,"slds-progress, slds-progress__item, slds-is-current, slds-is-completed, slds-button_brand, slds-button_neutral","utility:forward, utility:back, utility:check","Circles standard size from SLDS lines standard size from SLDS, current , complete check standard size from SLDS, incomplete , Step 1 radios standard size from SLDS, Step 2 name max 100 email validation, Step 3 review, Back standard size from SLDS disabled Step 1, Next standard dimensions from SLDS disabled invalid, transitions 300ms","Progress: circles standard size from SLDS diameter connected by lines standard size from SLDS, current background , completed with checkmark standard size from SLDS, incomplete border standard size from SLDS , Step 1 radio buttons height standard size from SLDS, Step 2 name maxlength=100 email type=""email"", Step 3 displays entered data, Back width standard size from SLDS disabled on Step 1, Next width standard dimensions from SLDS disabled when validation fails, step transitions 300ms fade","Progress items have aria-valuenow/valuemin/valuemax, current step announced, form validation prevents next, disabled buttons have aria-disabled, all inputs labeled","Circle sizes wrong, line thickness wrong, colors hardcoded/wrong, checkmark not 20px, radio heights wrong, validation not blocking, review not showing data, Back not disabled Step 1, Next not disabled invalid, transitions missing/wrong timing, ARIA incomplete",Advanced
C15,Tier 3,Simple,Create data table with inline editing for some columns,"Table, inline editing",Editable datatable,slds-table,,Table allows inline editing,Table displays with some columns editable inline,Table accessible,"Editing not working, accessibility missing",Advanced
C15,Tier 3,Moderate,"Employee table: Name (read-only), Department (dropdown, editable), Salary (editable), Status (badge). Allow inline editing on Department and Salary","Table with mixed editable/read-only, badges",lightning-datatable with inline edit,"slds-table, slds-badge",,"Department and Salary editable inline, Status shows badges","Datatable with 4 columns, Department editable dropdown, Salary editable number, Status badges with colors, inline editing enabled","Inline edit keyboard accessible, edit mode announced","Wrong columns editable, badges missing, inline edit broken",Advanced
C15,Tier 3,Detailed,"Create an employee data table with Name column (read-only text, using appropriate width from sizing utilities), Department column (editable dropdown with 4 options: Sales, Engineering, Marketing, Support, appropriate width), Salary column (editable currency format, appropriate width), and Status column (badges using semantic colors - Active uses success, Inactive uses error, appropriate width). Include 10 employee rows. Implement inline editing: double-click cell to show input or dropdown, Enter saves changes, ESC cancels editing. Save button appears when any edits are pending. Edited cells should highlight using appropriate feedback colors until saved",Complete editable table,Datatable with comprehensive inline edit,"slds-table, slds-badge, slds-cell-edit",,"Columns 30-25-25-20%, Department dropdown 4 options editable, Salary currency editable, Status badges exact colors, double-click edit, Enter saves ESC cancels, save button appears, edited yellow","Columns 30-25-25-20%, Name read-only, Department inline edit dropdown with 4 options, Salary inline edit currency format, Status badges Active Inactive , 10 rows, double-click enters edit mode, Enter saves ESC cancels, Save button appears when editing, edited cells background until saved","Table accessible, inline edit keyboard operable (double-click alternative), edit mode announced, Enter/ESC handling announced, Save button accessible","Column widths wrong, Department not dropdown or missing options, Salary not currency, Status colors wrong/hardcoded, double-click not working, Enter/ESC not working, Save button missing, edited cells not highlighting, ARIA incomplete",Advanced
C16,Tier 3,Simple,"Create filter sidebar with search, date range, checkboxes, apply button","Filter panel, multiple inputs",Sidebar with form inputs,slds-panel,utility:search,Sidebar shows various filter inputs,"Filter panel with search, date inputs, checkboxes, apply button",Filters accessible,"Inputs missing, apply button missing",Advanced
C16,Tier 3,Moderate,"Filter sidebar: search input, date range picker (start/end), price range slider (min/max), category checkboxes (5 options), Apply Filters button. Show active filter count badge",Complex filter panel with badge,"Various inputs, custom slider, badge","slds-form_stacked, slds-panel","utility:search, utility:filterList","All filter types present, badge shows count","Sidebar with search, date range, price slider, checkboxes, apply button, badge shows active count","All filters keyboard accessible, slider keyboard controlled, count announced","Slider not working, badge wrong count, keyboard broken",Advanced
C16,Tier 3,Detailed,"Create a filter sidebar using standard SLDS sidebar width in fixed position. Include search input at standard height, date range section with two date inputs at standard height each, price range slider with custom handles and track using appropriate sizing (range $0-$1000 with values displayed above handles), category checkboxes (5 options in vertical stack with proper spacing between each using SLDS spacing utilities). Apply Filters button should be full width using brand styling at standard button height. Active filter count badge should use appropriate badge sizing with brand background and contrasting text, positioned at button top-right. Sidebar should use surface background colors with right border from SLDS border utilities",Complete filter panel,Complex filter sidebar,"slds-form_stacked, slds-panel","utility:search, utility:filterList","Width standard dimensions from SLDS fixed, search standard size from SLDS, dates standard size from SLDS each, slider: handles standard size from SLDS track standard size from SLDS range $0-$1000 values above, checkboxes standard size from SLDS vertical, Apply 100% × standard size from SLDS brand, badge standard size from SLDS circle blue white top-right, sidebar bg border-right standard size from SLDS","Sidebar width standard dimensions from SLDS position fixed, search height standard size from SLDS, date inputs standard size from SLDS, price slider: handles standard size from SLDS circles track standard size from SLDS height range 0-1000 values display above handles, checkboxes standard size from SLDS height stacked, Apply width 100% height standard size from SLDS brand, badge standard size from SLDS diameter circle brand background white text positioned absolute top-right, sidebar background border-right standard size from SLDS","Sidebar keyboard accessible, search announces results, date picker accessible, slider keyboard draggable with arrow keys announces values, checkboxes keyboard selectable, Apply keyboard accessible, badge count announced","Width not 280px or not fixed, input heights wrong, slider handles/track wrong sizes or values not displaying, checkboxes wrong height or not stacked, Apply wrong dimensions, badge wrong size or positioning off, colors hardcoded/wrong, keyboard controls broken, ARIA incomplete",Advanced
C17,Tier 3,Simple,Create custom button (no hardcoded colors),theming,Custom button with hooks,,,Button uses,"Button background and text use CSS variables (*), no hex colors",Button accessible,"Hardcoded colors, hooks missing",Advanced
C17,Tier 3,Moderate,"Create custom button : background , text . Button adapts when theme changes. No hardcoded hex colors",Complete theming with hooks,Custom button element,,,"Background uses accent-2, text uses on-accent, no hex","Button CSS uses var() background, var() text, adapts to theme","Button maintains accessibility in all themes, contrast meets WCAG","Uses hardcoded #colors, hooks not used, doesn't adapt to themes",Advanced
C17,Tier 3,Detailed,"Create a fully themed custom button component that exclusively uses SLDS design tokens and styling hooks. Background should use accent color tokens (level 2), text should use on-accent color token for proper contrast, border should use darker accent token (level 3). Padding should reference SLDS spacing tokens, font-size should use SLDS typography tokens, border-radius should use SLDS border-radius token. Hover state uses darker accent background (level 3). Focus state uses brand color for outline with appropriate offset, all from design tokens. Ensure zero hardcoded pixel or hex color values - everything must be SLDS tokens that adapt to theme changes",Complete themed component all hooks,Button with comprehensive hook usage,,,"Background accent-2, text on-accent, border accent-3, padding spacing-4 spacing-6, font-size typography-body-1, radius border-radius-small, hover accent-3, focus outline brand-base-2 offset standard size from SLDS, all hooks no hardcoded","background: var(), color: var(), border: standard size from SLDS solid var(), padding: var() var(), font-size: var(), border-radius: var(), hover background: var(), focus outline: standard size from SLDS solid var() offset standard size from SLDS, ZERO hardcoded px/hex/rgb values","Button accessible, color contrast maintained in light/dark themes via hooks, focus visible meets 3:1, keyboard accessible","Any hardcoded values (px, hex, rgb) used, hooks incomplete, hover/focus states hardcoded, doesn't adapt to theme changes, contrast fails in one theme",Advanced
C18,Tier 3,Simple,"Create login page: centered card with email, password, sign in button",Login page layout,Card with form inputs,"slds-card, slds-align_absolute-center",,Centered login card with form,"Login card centered on page with email, password, button",Form accessible,"Not centered, inputs missing",Advanced
C18,Tier 3,Moderate,"Login page: centered card 400px width, logo at top, email input, password input with show/hide toggle, Remember Me checkbox, Forgot Password link, Sign In button (full width), Create Account link",Complete login page with all elements,"Card with logo, inputs, toggle, checkbox, links, button","slds-card, slds-align_absolute-center, slds-button_brand",,"Card 400px centered, password toggle, Sign In full width","Centered card 400px, logo, email/password inputs, password toggle eye icon, Remember Me checkbox, Forgot Password link, Sign In button 100% width, Create Account link","Form keyboard navigable, password toggle accessible, all links/buttons keyboard accessible","Width wrong, not centered, password toggle missing, Sign In not full width",Advanced
C18,Tier 3,Detailed,"Create a complete login page with card centered in viewport using SLDS medium card sizing. Include logo at appropriate height centered at top of card. Email input should be full width at standard input height. Password input at standard height should include eye icon at appropriate size positioned right for show/hide toggle. Remember Me checkbox uses standard checkbox sizing with label. Forgot Password link should be right-aligned using link colors. Sign In button should be full width using brand styling at standard button height. Create Account link centered below. All inputs should use proper spacing between them from SLDS spacing scale. Card should use appropriate padding, border-radius from utilities, and shadow from elevation tokens",Complete login specification,Login card with all specs,"slds-card, slds-align_absolute-center, slds-button_brand, slds-form_stacked",,"Card 400×standard dimensions from SLDS centered, logo standard dimensions from SLDS, inputs 100% × standard size from SLDS, eye icon standard size from SLDS, checkbox standard size from SLDS, links blue, Sign In 100% × standard size from SLDS brand, spacing standard size from SLDS, padding standard size from SLDS, radius standard size from SLDS, shadow 4","Card width standard dimensions from SLDS height standard dimensions from SLDS centered viewport (flexbox or absolute), background white, border-radius standard size from SLDS, box-shadow elevation 4, logo height standard dimensions from SLDS margin-bottom standard size from SLDS, email/password width 100% height standard size from SLDS, password relative with eye icon standard size from SLDS absolute right, checkbox standard size from SLDS, Forgot link float right blue, Sign In width 100% height standard size from SLDS brand, Create link centered, input spacing standard size from SLDS between, card padding standard size from SLDS","Form keyboard navigable, email type=""email"", password type=""password/text"" toggle, eye button accessible with aria-label ""Show/Hide password"", checkbox labeled, links keyboard accessible","Card dimensions wrong, not centered, logo height wrong, input sizes wrong, eye icon wrong size or not toggling type, checkbox wrong size, Sign In not full width or wrong height, spacing/padding wrong, shadow missing, ARIA incomplete",Advanced
C19,Tier 3,Simple,"Create dashboard with 4 metric cards showing icon, value, label","Dashboard, metric cards",4 cards in grid,"slds-grid, slds-size_1-of-4",,4 equal metric cards in row,"4 metric cards in grid, each shows icon, value, label",Cards accessible,"Not 4 columns, cards missing elements",Advanced
C19,Tier 3,Moderate,"Dashboard with 4 metric cards in row: each shows icon 48px, metric value (large 2.5rem), label, trend indicator (arrow + percentage in green if positive, red if negative). Cards equal width/height",Dashboard with trends and colors,4 custom metric cards,"slds-grid, slds-size_1-of-4","utility:trending_up, utility:trending_down","Cards equal size, icons 48px, values 2.5rem, trends colored green/red","4 cards grid slds-size_1-of-4, icon 48px, value font-size 2.5rem, label, trend arrow + % green positive red negative, equal dimensions","Cards accessible, metrics announced with labels, trend direction clear","Cards unequal, icon/value sizes wrong, trends not colored correctly",Advanced
C19,Tier 3,Detailed,"Create a dashboard with 4 metric cards using SLDS grid sizing utilities for equal width (each card 25%). Cards should have equal height from design system with spacing between using SLDS gutter utilities. Each card includes icon at standard size with proper top margin, metric value using large heading size from SLDS typography scale with bold weight and center alignment, label using standard text size with neutral colors also centered, and trend indicator with icon at standard size plus percentage text (positive trends use success colors with up arrow, negative trends use error colors with down arrow). Cards use white background with border-radius from utilities and shadow from elevation tokens. Implement hover effect that increases shadow elevation using appropriate motion timing",Complete dashboard specification,4 custom metric cards,"slds-grid, slds-wrap, slds-size_1-of-4","utility:trending_up, utility:trending_down","Cards 25% each height standard dimensions from SLDS gaps standard size from SLDS, icon standard size from SLDS margin standard size from SLDS, value SLDS text size bold, label SLDS text size , trend: arrow standard size from SLDS + % SLDS text size (positive green up, negative red down), hover shadow 2→4 200ms","Grid slds-size_1-of-4 (25% each), height standard dimensions from SLDS uniform, gaps standard size from SLDS via slds-col_padded, background white, border-radius standard size from SLDS, box-shadow elevation 2, icon standard size from SLDS margin-top standard size from SLDS, value font-size SLDS text size weight 700 text-align center, label font-size SLDS text size color center, trend: arrow standard size from SLDS + text SLDS text size, positive: green utility:trending_up, negative: red utility:trending_down, hover: shadow elevation 4 transition 200ms","Cards keyboard accessible, metrics have labels, trend direction announced not color alone, hover has focus equivalent","Cards not 25% or unequal heights, gaps not 16px, icon/value/text sizes wrong, colors hardcoded/wrong, trend colors not conditional, arrows wrong or missing, hover transition wrong timing, focus state missing, trend indicated by color alone",Advanced
C20,Tier 3,Simple,Create modal with form (5 fields). Ensure focus trap and ESC closes,"Modal accessibility, focus trap",Modal with form and focus management,slds-modal,,"Modal has focus trap, ESC closes","Modal displays form with 5 fields, focus trapped, ESC closes",Modal fully accessible,"Focus not trapped, ESC not working",Advanced
C20,Tier 3,Moderate,"Modal with 5-field form. Focus management: opens → first input, Tab cycles within modal, ESC closes and returns focus. All fields have labels and validation",Modal with complete focus management,Modal with focus trap implementation,"slds-modal, slds-modal__container",,"Opens focus first input, Tab cycles, ESC returns focus, fields validated","Modal with 5 inputs, on open focus moves to first field, Tab cycles through modal only, ESC closes and returns focus to trigger, all fields labeled and validated","aria-labelledby, focus trap works, ESC handling, form validation accessible","Focus not moving, Tab escapes modal, ESC not returning focus, validation broken",Advanced
C20,Tier 3,Detailed,"Create a fully accessible modal containing a 5-field form. Implement comprehensive focus management: on modal open, focus programmatically moves to first input field, Tab key cycles through all inputs and close button within modal only using keyboard event listeners (focus trap), Shift+Tab reverses direction, ESC key closes modal and returns focus to the element that opened it (storing reference), backdrop click also closes modal. All form fields must have explicit labels with proper for attributes. Required fields should have appropriate ARIA required attribute. Validation on blur should set ARIA invalid attribute and link to error message using ARIA describedby. Modal container must have proper dialog role, ARIA labelledby pointing to title, and ARIA modal attribute set to true",Complete accessible modal specification,Modal with full accessibility implementation,"slds-modal, slds-modal__container, slds-modal__header, slds-modal__content, slds-modal__footer, slds-backdrop",utility:close,"Open → focus first input (JS), Tab cycles input1-5→close→input1 (trap), Shift+Tab reverses, ESC closes returns focus (store ref), backdrop closes, labels with for, required aria-required, validation aria-invalid + aria-describedby, role dialog aria-labelledby aria-modal","On open: element.focus() on first input, Tab keydown listener: if on last element (close X) focus input1, if on first input + Shift+Tab focus close X, ESC keydown: close modal, store opener reference, focus(opener), backdrop click: close modal, all labels have for matching input id, required inputs aria-required=""true"", blur validation: set aria-invalid=""true"", aria-describedby=""error-id"", modal container role=""dialog"", aria-labelledby=""title-id"", aria-modal=""true""","Modal announced as dialog, title announced via aria-labelledby, focus moves to first input, Tab cycles only within modal, Shift+Tab reverses, ESC closes announced, focus returns announced, required state announced, validation errors announced via aria-describedby","Focus not moving to first input, Tab escapes modal (no trap), Shift+Tab not working, ESC not closing or focus not returning, backdrop not closing, labels missing for attribute, aria-required missing, aria-invalid not set on validation, aria-describedby not linking, modal missing role/aria-labelledby/aria-modal",Advanced
C21,Tier 4,Simple,"Create sales path with 4 stages: Prospecting, Qualification, Proposal, Closed Won","Path component, stages",lightning-path,slds-path,,Path shows 4 stages,Path displays 4 stages in sequence,Path keyboard navigable,"Stages missing, not accessible",Intermediate
C21,Tier 4,Moderate,"Sales path 4 stages: Prospecting (complete with green checkmark), Qualification (current blue), Proposal and Closed Won (incomplete gray)",Path with stage states,lightning-path with stages config,"slds-path, slds-is-current, slds-is-complete",utility:check,"Prospecting complete green check, Qualification current blue, others gray","Path 4 stages, Prospecting slds-is-complete checkmark green, Qualification slds-is-current blue, others gray","Path announces current stage, keyboard navigable","Stage states wrong colors, checkmark missing",Intermediate
C21,Tier 4,Detailed,"Create a sales opportunity path component with 4 stages using standard SLDS path height. Prospecting stage shows completed state with success background colors and checkmark icon at standard size in contrasting color. Qualification stage shows current state with brand background colors and text using appropriate heading size with bold weight in contrasting color. Proposal and Closed Won stages show incomplete state with neutral background colors and text using standard size with neutral text colors. Clicking any stage opens a popover at standard SLDS popover width positioned below the stage. Current stage popover includes ""Mark Status as Complete"" button using brand styling at full width with standard button height",Complete path with popovers,Path with popover interactions,"slds-path, slds-is-complete, slds-is-current, slds-popover",utility:check,"Height standard size from SLDS, Prospecting: green check standard size from SLDS white, Qualification: blue text SLDS text size bold white, others: gray text SLDS text size , click opens popover standard dimensions from SLDS, current has Mark Complete button brand 100% × standard size from SLDS","Path height standard size from SLDS, Prospecting: background checkmark standard size from SLDS color white, Qualification: background font-size SLDS text size weight 700 color white, Proposal/Closed Won: background font-size SLDS text size color , click handler opens popover width standard dimensions from SLDS positioned below, current popover contains ""Mark Status as Complete"" button brand width 100% height standard size from SLDS","Path role=""list"", stages role=""listitem"", current aria-current=""step"", popover role=""dialog"" aria-labelledby, focus trap in popover, Mark Complete keyboard accessible","Height not 48px, colors hardcoded/wrong, checkmark not 16px, text sizes wrong, popover not 320px or wrong position, button missing or wrong size, aria-current missing, popover ARIA incomplete",Intermediate
C22,Tier 4,Simple,"Create Account record view form: Name, Industry, Phone (read-only)","Record form, read-only fields",lightning-record-view-form,,standard:account,Form shows 3 fields read-only,Form displays 3 Account fields not editable,Form fields accessible,"Fields editable, wrong fields",Intermediate
C22,Tier 4,Moderate,"Account record form: Name, Industry, Phone (tel link), Annual Revenue (currency). 2-column layout. Account icon 48px in header",Record form with formatting and layout,lightning-record-view-form with output fields,"slds-form, slds-size_1-of-2",standard:account,"Icon 48px, 4 fields 2 columns, Phone tel link, Revenue currency","Form 4 fields 2-column layout, Account icon 48px header, Phone tel: link, Revenue currency format","Fields labeled, read-only indicated, Phone link accessible","Not 2 columns, icon missing/wrong size, Phone not link, Revenue not currency",Intermediate
C22,Tier 4,Detailed,"Create an Account record view form with proper structure. Header displays Account icon at standard size next to record name using SLDS heading size with bold weight. Use two-column layout with equal widths. Column 1 shows Name (text value), Industry (picklist value), and Phone (formatted as clickable tel: link using link colors). Column 2 shows Annual Revenue (formatted as currency), Number of Employees (formatted with comma separators), and Website (formatted as clickable URL link using link colors). Field labels should use smaller text size with neutral colors. Field values should use standard text size. Form should be read-only using appropriate form component",Complete record form,lightning-record-view-form with lightning-output-field,"slds-form, slds-form_compound, slds-size_1-of-2",standard:account,"Icon standard size from SLDS name SLDS text size bold, 2 cols 50:50, Col1: Name Industry Phone(tel: link blue), Col2: Revenue($X.XX) Employees(commas) Website(link blue), labels SLDS text size , values SLDS text size","Header: icon standard size from SLDS, name font-size SLDS text size weight 700, layout slds-size_1-of-2 (50:50), Phone <a href=""tel:""> blue, Revenue currency format, Employees toLocaleString() for commas, Website <a href> blue, labels font-size SLDS text size color , values font-size SLDS text size color","Form semantic structure, Phone link announces ""telephone"", Website announces ""link"", read-only state clear, keyboard navigable","Icon not 48px, name not 1.5rem/bold, not 50:50 columns, Phone not tel: link, Revenue not currency, Employees no commas, Website not link, label/value sizes wrong, colors hardcoded",Intermediate
C23,Tier 4,Simple,"Create pill container with 5 selected tags, each has remove button","Pills, removal interaction",lightning-pill OR slds-pill,slds-pill,utility:close,5 pills with remove X,"Container shows 5 pills, each has X remove button",Pills keyboard removable,"Remove buttons missing, not keyboard accessible",Intermediate
C23,Tier 4,Moderate,"Pill container with 5 selected tags. Each pill: tag text, remove X button 16px. Pills display inline with 4px spacing. Clicking X removes pill",Pills with spacing and removal,Multiple lightning-pill OR custom pills,"slds-pill, slds-pill__remove",utility:close,"5 pills inline 4px spacing, X 16px, click removes","5 pills inline with 4px horizontal margin, remove button 16px, clicking X removes pill from DOM","Each pill keyboard removable with Enter/Space, removal announced","Spacing wrong, X not 16px, removal not working, keyboard broken",Intermediate
C23,Tier 4,Detailed,"Create a pill container displaying 5 selected tags. Each pill should use standard SLDS pill height with appropriate padding from spacing scale, text at standard size, and remove button at appropriate icon size with proper spacing from text. Pills should use surface background colors with border-radius from design system and hover background state. Display pills inline with appropriate horizontal spacing between each using SLDS spacing utilities. Clicking remove button triggers fade-out animation using appropriate motion timing, removes pill from DOM, and announces removal to screen readers. Each pill should be keyboard focusable with Enter and Space keys triggering removal",Complete pill specification,Custom pill components,"slds-pill, slds-pill__remove",utility:close,"Pills: standard size from SLDS height, standard size from SLDS padding, text SLDS text size, X standard size from SLDS margin standard size from SLDS, bg , radius standard size from SLDS, hover , inline-flex standard size from SLDS spacing, click X: fade 200ms remove announce, Enter/Space removes","Pills: height standard size from SLDS, padding standard size from SLDS horizontal, font-size SLDS text size, remove button standard size from SLDS size margin-left standard size from SLDS, background , border-radius standard size from SLDS, hover background , display inline-flex margin-right standard size from SLDS, remove handler: opacity 0 transition 200ms then remove(), aria-live announcement ""Tag removed"", pills focusable, Enter/Space on remove triggers removal","Pills keyboard focusable, remove button accessible with Enter/Space, removal announced via aria-live, focus moves to next pill after removal","Height not 32px, padding wrong, text size wrong, X not 20px or margin wrong, bg colors hardcoded/wrong, radius not 16px, spacing not 8px, fade animation missing/wrong timing, removal not announced, keyboard not working",Intermediate
C24,Tier 4,Simple,Create progress bar showing 65% completion,"Progress bar, percentage",lightning-progress-bar,slds-progress-bar,,Bar shows 65% filled,Progress bar displays 65% filled with label,Progress announced,"Percentage wrong, not announced",Intermediate
C24,Tier 4,Moderate,"Progress bar showing 65% completion. Label above ""Progress: 65%"", bar 100% width, 8px height, filled portion blue, remaining gray",Progress bar with label and colors,lightning-progress-bar OR custom,"slds-progress-bar, slds-progress-bar__value",,"Label shows 65%, bar 100% × 8px, filled blue, remaining gray","Label ""Progress: 65%"" above, bar width 100% height 8px, filled 65% blue, remaining 35% gray","Progress value announced, labeled","Label missing, bar dimensions wrong, colors wrong",Intermediate
C24,Tier 4,Detailed,"Create a progress bar component with label ""Progress: 65%"" using standard text size with bold weight positioned above the bar. Progress bar should be full width with height from SLDS design system and border-radius from utilities. Filled portion at 65% width uses brand colors while remaining 35% uses neutral colors from the design system. Percentage text ""65%"" should use smaller text size in contrasting color, centered on the filled portion. Bar container must have proper progressbar role with ARIA valuenow set to 65, valuemin set to 0, and valuemax set to 100",Complete progress bar,Custom progress bar with ARIA,"slds-progress-bar, slds-progress-bar__value",,"Label ""Progress: 65%"" SLDS text size bold, bar 100% × standard size from SLDS radius standard size from SLDS, filled 65% , remaining 35% , ""65%"" SLDS text size white centered, role progressbar aria-valuenow 65 min 0 max 100","Label font-size SLDS text size weight 700 ""Progress: 65%"", bar width 100% height standard size from SLDS border-radius standard size from SLDS, filled div width 65% background , remaining background , percentage text font-size SLDS text size color white position absolute center of filled, container role=""progressbar"" aria-valuenow=""65"" aria-valuemin=""0"" aria-valuemax=""100""","Progress value announced via aria-valuenow, label associated, percentage change announced","Label wrong size/weight, bar dimensions wrong, filled width not 65%, colors hardcoded/wrong, radius missing, percentage text wrong size or not centered, role/ARIA missing",Intermediate
C25,Tier 4,Simple,"Create file upload accepting images (JPG, PNG) only","File upload, restrictions",lightning-file-upload,,utility:upload,Upload accepts only JPG/PNG,"File upload restricts to .jpg, .png",Upload keyboard accessible,Wrong file types accepted,Intermediate
C25,Tier 4,Moderate,"File upload for images (JPG, PNG, max 5MB). Shows icon, ""Choose Files"" button, accepts drag-drop. After select: shows filename, size, remove button",File upload with drag-drop and preview,lightning-file-upload OR custom,,"utility:upload, utility:close","Upload icon, button, drag-drop, JPG/PNG max 5MB, shows filename/size/remove","Upload area with icon, button, accept="".jpg,.png"", drag-drop, max 5MB validation, selected shows filename, size, remove","Upload keyboard accessible, drag-drop has keyboard alternative, validation errors announced","File type validation missing, no drag-drop, preview missing, size not validated",Intermediate
C25,Tier 4,Detailed,"Create a file upload area using standard SLDS dropzone dimensions with dashed border style from border utilities and border-radius from design system. Center an upload icon at standard size using neutral colors with text ""Drag files here or"" below, followed by ""Choose Files"" button using brand styling at appropriate button dimensions. Accept only .jpg and .png files with maximum size of 5MB. During drag state, border should become solid using brand colors with brand tint background. After file selection, replace upload area with file card showing thumbnail at standard size, filename using standard text size, file size using smaller text with neutral colors, and remove button at appropriate icon size. For validation errors, border should use error colors with error message text below using feedback error styling",Complete file upload,Custom file upload with all states,,"utility:upload, utility:close","Area 400×standard dimensions from SLDS border standard size from SLDS dashed radius standard size from SLDS, icon standard size from SLDS gray, text + button 120×standard size from SLDS brand, accept .jpg,.png max 5MB, drag: border solid bg , selected: thumbnail standard size from SLDS filename SLDS text size size SLDS text size remove standard size from SLDS, error: border red text below","Drop area width standard dimensions from SLDS height standard dimensions from SLDS border standard size from SLDS dashed border-radius standard size from SLDS, icon standard size from SLDS color gray centered, text + button brand width standard dimensions from SLDS height standard size from SLDS, input accept="".jpg,.png"", dragover: border solid standard size from SLDS background , file validation: if size > 5MB show error, selected: thumbnail standard size from SLDS, filename font-size SLDS text size, size SLDS text size color gray, remove button standard size from SLDS, error: border standard size from SLDS solid , error message below red","Upload keyboard accessible via button, drag-drop has keyboard alternative (button), file validation errors announced, filename announced when selected, remove keyboard accessible","Area dimensions wrong, border wrong style/color, icon wrong size, button wrong size, file type validation missing, size validation missing, drag state wrong colors, thumbnail wrong size, text sizes wrong, remove not 24px, error state missing, ARIA incomplete",Intermediate
C26,Tier 4,Simple,Create multi-select dropdown for choosing multiple categories,"Multi-select, dropdown",lightning-dual-listbox OR combobox multi-select,slds-combobox,,Multiple selections possible,"Dropdown allows multiple selections, shows selected",Multi-select announced,"Only single select, selections not showing",Advanced
C26,Tier 4,Moderate,"Multi-select dropdown with 8 category options. Selected show as pills below input. Dropdown 300px width, max-height 250px scroll. Pills have remove X",Multi-select with pills,Custom combobox OR dual-listbox,"slds-combobox, slds-listbox, slds-pill","utility:down, utility:close","Dropdown 300px max-height 250px scroll, selected as pills with X below","8 options, dropdown width 300px max-height 250px scroll, multi-select enabled, selected render as pills below with remove X","aria-multiselectable, selected announced, pills removable, dropdown keyboard navigable","Not multi-select, no pills, dropdown dimensions wrong, keyboard broken",Advanced
C26,Tier 4,Detailed,"Create a multi-select combobox using standard SLDS input dimensions. Input should include down chevron icon at appropriate size positioned right. Typing filters available options with minimum 2 characters required. Dropdown displays at input width with maximum height from design system allowing scroll. Each option uses standard list item height with hover background state and selected background state. Selected options show checkmark icon at standard size positioned left. Below the input, selected items render as pills using standard pill height with appropriate padding, text at standard size, and remove button at appropriate icon size with proper spacing between pills. Enforce maximum of 10 selections",Complete multi-select combobox,Custom multi-select component,"slds-combobox, slds-listbox, slds-listbox__option, slds-pill","utility:down, utility:check, utility:close","Input standard dimensions from SLDS × standard size from SLDS chevron standard size from SLDS right, dropdown standard dimensions from SLDS max-height standard dimensions from SLDS, options standard size from SLDS hover selected check standard size from SLDS, pills standard size from SLDS standard size from SLDS padding text SLDS text size X standard size from SLDS spacing standard size from SLDS, max 10","Input width standard dimensions from SLDS height standard size from SLDS, chevron standard size from SLDS absolute right, typing filters list, dropdown width standard dimensions from SLDS max-height standard dimensions from SLDS overflow-y auto, options height standard size from SLDS hover background , selected background checkmark standard size from SLDS margin-left standard size from SLDS, pills below: height standard size from SLDS padding standard size from SLDS horizontal font-size SLDS text size remove standard size from SLDS margin-right standard size from SLDS between pills, max selections 10 enforced","aria-multiselectable=""true"", aria-expanded on dropdown state, arrow keys navigate options, Space toggles selection, Enter closes, selected count announced, pills keyboard removable, max reached announced","Width/height wrong, chevron not 16px, filtering not working, dropdown dimensions wrong, option heights wrong, hover/selected colors hardcoded/wrong, checkmark missing or wrong size, pill dimensions wrong, remove not 18px, spacing wrong, max 10 not enforced, ARIA incomplete",Advanced
C27,Tier 4,Simple,Create tree view showing folder structure with expand/collapse,"Tree structure, hierarchical data",lightning-tree OR custom,slds-tree,utility:chevronright,"Tree shows nested items, expandable","Tree displays hierarchical structure, nodes expand/collapse",Tree keyboard navigable,"Nesting not showing, expand broken",Advanced
C27,Tier 4,Moderate,"File browser tree: 3 levels (root folders, subfolders, files). Folders have chevron icons, expand on click. Indentation 24px per level. File icons for items",Tree with icons and indentation,Custom tree component,"slds-tree, slds-tree__item","utility:chevronright, utility:chevrondown, utility:file","3 levels, chevrons on folders, indent 24px per level, file icons","Tree 3 levels deep, folders expandable chevron icon, indentation 24px per level, files have file icon","Tree keyboard navigable, expansion announced, levels clear","Indentation wrong, chevrons missing, file icons missing",Advanced
C27,Tier 4,Detailed,"Create a file tree structure with proper indentation using SLDS spacing scale multiplied by level depth (level 1 has no indent, level 2 uses one spacing unit, level 3 uses two spacing units). Tree items use standard height from design system. Each item displays icon at standard size (chevron for expandable folders, file icon for files) with proper spacing from text. Folder chevron icons rotate 90 degrees on expand using appropriate motion timing. Expanded folders display children with connecting lines using border utility with neutral colors running vertically from parent to last child. Selected item uses selection background color with brand text color. Tree should support 3 levels of nesting",Complete tree specification,Custom tree with lines and animations,"slds-tree, slds-tree__item, slds-is-expanded","utility:chevronright, utility:chevrondown, utility:file","Indent standard size from SLDS per level (0/24/48), items standard size from SLDS height, icons standard size from SLDS gap standard size from SLDS text SLDS text size, chevron rotates 90° 200ms, lines standard size from SLDS vertical parent-to-last-child, selected: bg text","Indentation: level 1 margin-left 0, level 2 standard size from SLDS, level 3 standard size from SLDS, items height standard size from SLDS, icon standard size from SLDS margin-right standard size from SLDS, text font-size SLDS text size, folder chevron rotate 90deg transition 200ms on expand, connecting lines standard size from SLDS border-left from parent to last child, selected: background color","Tree role=""tree"", items role=""treeitem"", folders aria-expanded, arrow keys navigate, Enter expands/collapses, selection announced, level announced","Indentation not multiples of 24px, item heights wrong, icons not 20px or gap wrong, text size wrong, chevron not rotating or transition wrong, connecting lines missing/wrong, selected colors hardcoded/wrong, roles/ARIA missing",Advanced
C28,Tier 4,Simple,Create lookup field for searching and selecting an Account,"Lookup pattern, search",lightning-record-picker OR custom,slds-combobox,standard:account,Lookup searches and selects record,"Lookup searches Account records, selects one",Lookup keyboard accessible,"Search not working, selection broken",Advanced
C28,Tier 4,Moderate,"Account lookup: search input with icon, dropdown shows matching Accounts with icon and name, selecting shows as pill with remove. Minimum 2 characters to search",Lookup with search and pill,Custom lookup component,"slds-combobox, slds-pill","utility:search, standard:account, utility:close","Search input, dropdown matches, selected as pill with remove, min 2 chars","Search input with icon, typing filters Accounts (min 2 chars), dropdown shows icon+name, selecting shows pill with remove X","Search keyboard accessible, min length announced, results announced, selection announced, pill removable","Min 2 chars not enforced, results not filtering, selected not showing as pill",Advanced
C28,Tier 4,Detailed,"Create an Account lookup component using standard SLDS input dimensions. Search icon at appropriate size positioned inside left with proper margin and placeholder text ""Search Accounts..."". Typing with minimum 2 characters displays dropdown at input width with maximum height from design system. Each search result uses standard list item height displaying Account icon at standard size, name using standard text size with bold weight, and subtitle (industry) using smaller text size with neutral colors. Empty state shows ""No matches found"" message centered with neutral colors. When account is selected, display as pill using standard pill height with Account icon at smaller size, name using standard text size, and remove button at appropriate icon size. Clicking remove clears the selection and input field",Complete lookup specification,Custom lookup with rich results,"slds-combobox, slds-combobox__form-element, slds-listbox, slds-pill","utility:search, standard:account, utility:close","Input 400×standard size from SLDS icon standard size from SLDS left margin standard size from SLDS placeholder ""Search Accounts..."", dropdown standard dimensions from SLDS max-height standard dimensions from SLDS: results standard size from SLDS icon standard size from SLDS name SLDS text size bold subtitle SLDS text size gray, no results ""No matches found"", selected: pill standard size from SLDS icon standard size from SLDS name SLDS text size X standard size from SLDS, remove clears","Input width standard dimensions from SLDS height standard size from SLDS, search icon standard size from SLDS margin-left standard size from SLDS, placeholder text, input listener min 2 chars triggers search, dropdown width standard dimensions from SLDS max-height standard dimensions from SLDS, results height standard size from SLDS Account icon standard size from SLDS name font-size SLDS text size weight 700, subtitle font-size SLDS text size color gray, empty state ""No matches found"" centered, selected: pill height standard size from SLDS icon standard size from SLDS name font-size SLDS text size remove standard size from SLDS, remove handler clears selection and input","Search aria-autocomplete=""list"", min 2 chars announced, results count announced, arrow keys navigate results, Enter selects, selected announced, pill remove keyboard accessible","Input dimensions wrong, icon not 16px or margin wrong, min 2 chars not enforced, dropdown wrong size, result heights wrong, icon not 32px, text sizes wrong, empty state missing, pill dimensions wrong, icon not 24px, remove not 20px, remove not clearing input, ARIA incomplete",Advanced
C29,Tier 4,Simple,"Create form where selecting ""Other"" in dropdown shows additional text field","Conditional rendering, dynamic forms",Combobox + input with conditional display,,,"Field appears when ""Other"" selected","Dropdown with options, selecting ""Other"" reveals text input",Dynamic field announced,Conditional field not appearing,Advanced
C29,Tier 4,Moderate,"Form: Reason dropdown (5 options + ""Other""). When ""Other"" selected: ""Please specify"" text input appears below with fade-in. When other option selected: field hides",Dynamic form with animation,"lightning-combobox, lightning-input conditional",,,"Dropdown 5 + Other, selecting Other shows input with fade 200ms, other selection hides","Dropdown 6 options, selecting ""Other"" shows input below with fade-in 200ms, selecting non-Other hides input","Dropdown change announces, additional field appearance announced, validation considers dynamic field","Field not appearing, no animation, appearance not announced",Advanced
C29,Tier 4,Detailed,"Create a dynamic form with Reason dropdown using standard SLDS input sizing containing 5 options (Bug, Feature Request, Question, Feedback, Other). When ""Other"" option is selected, display ""Please specify"" text input below with fade-in animation using appropriate motion timing (opacity transition), standard input height from design system, and required validation showing ""This field is required"" error message. When switching away from Other option, implement fade-out animation with appropriate timing then hide the field, clear its value, and remove required validation. Form submit should validate that if Other is selected, the specify field must contain a value, displaying errors using SLDS error styling",Complete dynamic form,Form with conditional field and validation,,,"Dropdown 300×standard size from SLDS 6 options, Other: shows input below fade 300ms standard size from SLDS required validation ""required"", switch away: fade 200ms hide clear unrequire, form validates specify if Other","Dropdown width standard dimensions from SLDS height standard size from SLDS options: Bug/Feature Request/Question/Feedback/Other, change listener: if value==""Other"" show input (opacity 0→1 transition 300ms), input height standard size from SLDS required=true, validation ""This field is required"", if value!=""Other"" hide input (opacity 1→0 transition 200ms display:none), clear value, required=false, form submit validates: if dropdown==Other input must have value","Dropdown change announced, conditional field appearance announced via aria-live, required state announced when appears, validation error announced if empty and Other selected","Dropdown dimensions wrong, Other not triggering, fade timing wrong, input height wrong, required not adding, validation missing, switching away not hiding/clearing, form submit not validating, aria-live not announcing",Advanced
C30,Tier 4,Simple,Create success toast that auto-dismisses after 3 seconds,"Toast pattern, auto-dismiss",Custom toast with timeout,"slds-notify_toast, slds-theme_success",utility:success,Toast appears and dismisses after 3s,"Toast displays success styling, auto-dismisses after 3000ms",Toast announced,"Not auto-dismissing, wrong timing",Intermediate
C30,Tier 4,Moderate,"Success toast: green background, success icon 24px, message ""Action completed successfully"", close button. Appears bottom-right, auto-dismisses after 3 seconds, slide-in animation",Toast with position and animation,Custom toast component,"slds-notify_toast, slds-theme_success","utility:success, utility:close","Bottom-right, green bg, icon 24px, message, close, auto-dismiss 3s, slide-in","Toast fixed bottom-right, green background, success icon 24px, message, close button, appears with slide-in, auto-dismisses 3000ms","role=""alert"", auto-dismiss announced, close button accessible","Position wrong, icon wrong size, timing wrong, animation missing",Intermediate
C30,Tier 4,Detailed,"Create a success toast notification fixed to bottom-right of viewport with proper margin spacing from edges. Toast should use standard SLDS toast dimensions with success background and contrasting foreground colors, border-radius from utilities, and shadow from elevation tokens. Include success icon at standard size with proper left margin, message text using standard text size positioned center-left, and close button at appropriate size with proper right margin. Toast appears with slide-in animation from right using appropriate motion timing. Auto-dismiss after 3 seconds with fade-out animation using appropriate timing then remove from DOM. Hovering over toast cancels the auto-dismiss timer. Clicking close button immediately triggers fade-out and removal. Toast must have alert role for screen reader announcement",Complete toast specification,Toast with all interactions,slds-notify_toast,"utility:success, utility:close","Fixed bottom-right margin standard size from SLDS, 320×standard size from SLDS, green white text SLDS text size, radius standard size from SLDS shadow 4, icon standard size from SLDS white left margin standard size from SLDS, message center-left, X standard size from SLDS right margin standard size from SLDS, appear: slide translateX(100%→0) 300ms, auto 3000ms fade 200ms remove, hover cancels, X: fade remove","position fixed bottom standard size from SLDS right standard size from SLDS, width standard dimensions from SLDS height standard size from SLDS, background , color white font-size SLDS text size, border-radius standard size from SLDS, box-shadow elevation 4, icon standard size from SLDS color white margin-left standard size from SLDS, message text-align left, close standard size from SLDS right margin-right standard size from SLDS, appear: transform translateX(100%→0) transition 300ms ease-out, setTimeout 3000ms fade-out opacity 0 transition 200ms then remove, mouseenter clears timeout, mouseleave restarts, close click: opacity 0 transition 200ms then remove","role=""alert"" announces immediately, auto-dismiss announced ""Will close in 3 seconds"", close button keyboard accessible, focus moves away after dismiss","Position not bottom-right or margins wrong, dimensions wrong, bg hardcoded/wrong, text size/color wrong, radius wrong, shadow missing, icon not 24px or margins wrong, close not 24px, slide-in animation wrong direction/timing, auto-dismiss not 3000ms or fade wrong, hover not canceling, close not immediate, role missing, dismiss not announced",Intermediate